sqrts=200.0,mu=0.5
1.077391,14.54540156096183
1.2441515,12.906794253954775
1.436724,11.44116718126224
1.659103,10.113217673258196
1.915902,8.878845814797153
2.2124495,7.74250030937919
2.5548965,6.728422018731902
2.9503485,5.857095600396956
3.4070095,5.22850425382577
3.934353,4.7468858336857584
4.54332,4.358888784165881
5.246545,4.0407426820643275
6.058615,3.7746739485650296
6.99638,3.54485454966653
8.079295,3.3508508019614354
9.32982,3.1775019516188068
10.77391,3.031412732580426
12.441515,2.9056275974837056
14.36724,2.7895704902993614
16.59103,2.6868214256739935
19.15902,2.594535777655994
22.124495,2.5116645645476052
25.548965,2.4419355387843074
29.503485,2.375642193784454
34.070095,2.325314915466683
39.34353,2.287038818132201
45.4332,2.256507343063667
52.46545,2.2439428154548606
60.58615,2.251633369704331
69.9638,2.2754763980480583
80.79295,2.356910921720087
93.2982,2.5797064772653804
sqrts=200.0,mu=1.0
1.077391,8.510275001648774
1.2441515,7.474813124335937
1.436724,6.600409992859756
1.659103,5.966278933935798
1.915902,5.4702816593417625
2.2124495,5.07613520042793
2.5548965,4.76099282146257
2.9503485,4.480079982524827
3.4070095,4.243802694676289
3.934353,4.040614050492127
4.54332,3.859791127244643
5.246545,3.70646101880254
6.058615,3.574425505745412
6.99638,3.451642254964099
8.079295,3.343692228873707
9.32982,3.241407475366226
10.77391,3.148000234803144
12.441515,3.064038421821042
14.36724,2.984718123177137
16.59103,2.913881467340587
19.15902,2.8498455685139663
22.124495,2.792421332386589
25.548965,2.7450265610261115
29.503485,2.700249428542485
34.070095,2.668509584033962
39.34353,2.647084040442297
45.4332,2.632491334770085
52.46545,2.634958842219183
60.58615,2.6590719837963577
69.9638,2.70541386027018
80.79295,2.8204053208256545
93.2982,3.103021712978954
sqrts=200.0,mu=2.0
1.077391,5.358878436108619
1.2441515,5.0801887131833015
1.436724,4.8469156825453
1.659103,4.642654099394048
1.915902,4.454811435284476
2.2124495,4.289713881761675
2.5548965,4.151952276999743
2.9503485,4.025682350344603
3.4070095,3.911933225464808
3.934353,3.808880056089991
4.54332,3.712367147924201
5.246545,3.623245728207604
6.058615,3.5407209350786686
6.99638,3.461877408087197
8.079295,3.391633944908917
9.32982,3.3227102328533937
10.77391,3.258646825072336
12.441515,3.200612065729593
14.36724,3.1447622959213204
16.59103,3.094978354033369
19.15902,3.0502639475493085
22.124495,3.0106650754002744
25.548965,2.9794171192797108
29.503485,2.9504613624776006
34.070095,2.932977423494195
39.34353,2.9250045574894745
45.4332,2.924103969030151
52.46545,2.940548457169347
60.58615,2.980926629896832
69.9638,3.0492943522951945
80.79295,3.19543396988685
93.2982,3.5297433473404265
sqrts=5020.0,mu=0.5
1.138572,23.89535529188013
1.45412,20.44439451252997
1.8571205,17.3119901921219
2.37181,14.08613361904788
3.0291425,10.103265884398237
3.8686505,7.72861134655749
4.940823,6.382516462162242
6.31014,5.482831582613166
8.05896,4.820394295658375
10.29245,4.331993079187234
13.144935,3.954131224822824
16.787975,3.6447858445471386
21.44066,3.383951851864281
27.382805,3.168304582734254
34.97178,2.978869229051737
44.66399,2.812875390000623
57.04235,2.669668406726249
72.85125,2.5413252505583315
93.04155,2.426818950540948
118.82745,2.3244975333881124
151.75975,2.232141057545636
193.819,2.1484617667053523
247.53475,2.071628899569013
316.13745,2.002068839863218
403.753,1.9389558372503195
515.6505,1.8833591625948056
658.56,1.8361554394459705
841.076,1.8001133470344468
1074.175,1.777497204875787
1371.8755,1.7736922642456412
1752.0825,1.8009632043674055
2237.6615,1.9083054651948987
sqrts=5020.0,mu=2.0
1.138572,5.633954801211248
1.45412,5.123323281038907
1.8571205,4.68723125555429
2.37181,4.3943602309737
3.0291425,4.152321398189357
3.8686505,3.926659935776086
4.940823,3.751277042760072
6.31014,3.5931727328591787
8.05896,3.446123890521314
10.29245,3.324203165178683
13.144935,3.210101141827796
16.787975,3.106719373415177
21.44066,3.0128014924151745
27.382805,2.9313918895390647
34.97178,2.853773028595952
44.66399,2.7814272196185392
57.04235,2.7168563062635
72.85125,2.655676113097662
93.04155,2.5987933057240924
118.82745,2.546004740970452
151.75975,2.4967063839123367
193.819,2.450602219028426
247.53475,2.407148881944713
316.13745,2.367446191340819
403.753,2.331882403000649
515.6505,2.30242992452525
658.56,2.280991038052597
841.076,2.271070029848117
1074.175,2.276779105082583
1371.8755,2.307113676949045
1752.0825,2.383220377779105
2237.6615,2.5789291578370808
sqrts=5020.0,mu=1.0
1.138572,11.94212225343536
1.45412,9.285897558758885
1.8571205,7.320111622664775
2.37181,6.228729945946102
3.0291425,5.490673838485299
3.8686505,4.911095304081577
4.940823,4.4885002005129735
6.31014,4.163789733090917
8.05896,3.886072819724618
10.29245,3.660719519602071
13.144935,3.461406170338182
16.787975,3.28835613004904
21.44066,3.135632503181526
27.382805,3.005432370208574
34.97178,2.885907136630047
44.66399,2.7775470322914577
57.04235,2.682055644204919
72.85125,2.593890963222273
93.04155,2.513413486966802
118.82745,2.4399879455734386
151.75975,2.3724546804580933
193.819,2.310195296498635
247.53475,2.252158631842132
316.13745,2.199230941246245
403.753,2.151284462362048
515.6505,2.1099288646283525
658.56,2.076627530193999
841.076,2.054478078748006
1074.175,2.0467118500888164
1371.8755,2.0604988469570245
1752.0825,2.1129875945058125
2237.6615,2.2666226803447733
